filepath,label,category,source_id,duration,sample_rate,split
dataset/elephant/trumpet/Trumpet15.wav,1,elephant,Trumpet15,6.0,44100,train
dataset/elephant/rumble/Rumble57.wav,1,elephant,Rumble57,6.0,44100,train
dataset/elephant/roar/Roar08.wav,1,elephant,Roar08,6.0,44100,train
dataset/elephant/rumble/Rumble55.wav,1,elephant,Rumble55,6.0,44100,train
dataset/elephant/roar/Roar46.wav,1,elephant,Roar46,6.0,44100,train
dataset/elephant/trumpet/Trumpet106.wav,1,elephant,Trumpet106,6.0,44100,train
dataset/elephant/trumpet/Trumpet22.wav,1,elephant,Trumpet22,6.0,44100,train
dataset/elephant/roar/Roar75.wav,1,elephant,Roar75,6.0,48000,train
dataset/elephant/trumpet/Trumpet16.wav,1,elephant,Trumpet16,6.0,44100,train
dataset/elephant/trumpet/Trumpet107.wav,1,elephant,Trumpet107,6.0,44100,train
dataset/elephant/trumpet/Trumpet07.wav,1,elephant,Trumpet07,6.0,44100,train
dataset/elephant/roar/Roar22_aug_0.wav,1,elephant,Roar22_aug_0,6.0,48000,train
dataset/elephant/rumble/Rumble17.wav,1,elephant,Rumble17,6.0,44100,train
dataset/elephant/rumble/Rumble14.wav,1,elephant,Rumble14,6.0,44100,train
dataset/elephant/trumpet/Trumpet06_aug_0.wav,1,elephant,Trumpet06_aug_0,6.0,44100,train
dataset/elephant/trumpet/Trumpet36_aug_0.wav,1,elephant,Trumpet36_aug_0,6.0,44100,train
dataset/elephant/rumble/Rumble70.wav,1,elephant,Rumble70,6.0,44100,train
dataset/elephant/rumble/Rumble16.wav,1,elephant,Rumble16,6.0,44100,train
dataset/elephant/rumble/Rumble63.wav,1,elephant,Rumble63,6.0,44100,train
dataset/elephant/rumble/Rumble15.wav,1,elephant,Rumble15,6.0,44100,train
dataset/elephant/trumpet/Trumpet13_aug_0.wav,1,elephant,Trumpet13_aug_0,6.0,44100,train
dataset/elephant/roar/Roar03.wav,1,elephant,Roar03,6.0,44100,train
dataset/elephant/roar/Roar54.wav,1,elephant,Roar54,6.0,44100,train
dataset/elephant/roar/Roar55.wav,1,elephant,Roar55,6.0,44100,train
dataset/elephant/trumpet/Trumpet40.wav,1,elephant,Trumpet40,6.0,44100,train
dataset/elephant/roar/Roar72.wav,1,elephant,Roar72,6.0,44100,train
dataset/elephant/rumble/Rumble27.wav,1,elephant,Rumble27,6.0,44100,train
dataset/elephant/rumble/Rumble01.wav,1,elephant,Rumble01,6.0,44100,train
dataset/elephant/rumble/Rumble13.wav,1,elephant,Rumble13,6.0,44100,train
dataset/elephant/roar/Roar60.wav,1,elephant,Roar60,6.0,44100,train
dataset/elephant/roar/Roar15.wav,1,elephant,Roar15,6.0,44100,train
dataset/elephant/rumble/Rumble56.wav,1,elephant,Rumble56,6.0,44100,train
dataset/elephant/rumble/Rumble109.wav,1,elephant,Rumble109,6.0,44100,train
dataset/elephant/roar/Roar101.wav,1,elephant,Roar101,6.0,44100,train
dataset/elephant/roar/Roar39.wav,1,elephant,Roar39,6.0,44100,train
dataset/elephant/roar/Roar66.wav,1,elephant,Roar66,6.0,44100,train
dataset/elephant/roar/Roar21_aug_0.wav,1,elephant,Roar21_aug_0,6.0,48000,train
dataset/elephant/rumble/Rumble24.wav,1,elephant,Rumble24,6.0,44100,train
dataset/elephant/rumble/Rumble45.wav,1,elephant,Rumble45,6.0,44100,train
dataset/elephant/roar/Roar09.wav,1,elephant,Roar09,6.0,44100,train
dataset/elephant/trumpet/Trumpet39.wav,1,elephant,Trumpet39,6.0,44100,train
dataset/elephant/roar/Roar23.wav,1,elephant,Roar23,6.0,44100,train
dataset/elephant/roar/Roar36.wav,1,elephant,Roar36,6.0,44100,train
dataset/elephant/roar/Roar38.wav,1,elephant,Roar38,6.0,44100,train
dataset/elephant/rumble/Rumble103.wav,1,elephant,Rumble103,6.0,44100,train
dataset/elephant/rumble/Rumble02.wav,1,elephant,Rumble02,6.0,44100,train
dataset/elephant/roar/Roar04.wav,1,elephant,Roar04,6.0,44100,train
dataset/elephant/rumble/Rumble29.wav,1,elephant,Rumble29,6.0,44100,train
dataset/elephant/trumpet/Trumpet30_aug_0.wav,1,elephant,Trumpet30_aug_0,6.0,44100,train
dataset/elephant/trumpet/Trumpet25_aug_0.wav,1,elephant,Trumpet25_aug_0,6.0,44100,train
dataset/elephant/roar/Roar05.wav,1,elephant,Roar05,6.0,44100,train
dataset/elephant/rumble/Rumble32.wav,1,elephant,Rumble32,6.0,44100,train
dataset/elephant/rumble/Rumble105.wav,1,elephant,Rumble105,6.0,44100,train
dataset/elephant/roar/Roar03_aug_0.wav,1,elephant,Roar03_aug_0,6.0,44100,train
dataset/elephant/roar/Roar104.wav,1,elephant,Roar104,6.0,44100,train
dataset/elephant/trumpet/Trumpet110.wav,1,elephant,Trumpet110,6.0,44100,train
dataset/elephant/rumble/Rumble19.wav,1,elephant,Rumble19,6.0,44100,train
dataset/elephant/trumpet/Trumpet25.wav,1,elephant,Trumpet25,6.0,44100,train
dataset/elephant/trumpet/Trumpet27.wav,1,elephant,Trumpet27,6.0,44100,train
dataset/elephant/trumpet/Trumpet38.wav,1,elephant,Trumpet38,6.0,44100,train
dataset/elephant/rumble/Rumble67.wav,1,elephant,Rumble67,6.0,44100,train
dataset/elephant/trumpet/Trumpet33.wav,1,elephant,Trumpet33,6.0,44100,train
dataset/elephant/rumble/Rumble66.wav,1,elephant,Rumble66,6.0,44100,train
dataset/elephant/rumble/Rumble60.wav,1,elephant,Rumble60,6.0,44100,train
dataset/elephant/rumble/Rumble59.wav,1,elephant,Rumble59,6.0,44100,train
dataset/elephant/roar/Roar71.wav,1,elephant,Roar71,6.0,44100,train
dataset/elephant/roar/Roar73.wav,1,elephant,Roar73,6.0,44100,train
dataset/elephant/roar/Roar41.wav,1,elephant,Roar41,6.0,44100,train
dataset/elephant/rumble/Rumble11.wav,1,elephant,Rumble11,6.0,44100,train
dataset/elephant/trumpet/Trumpet01.wav,1,elephant,Trumpet01,6.0,48000,train
dataset/elephant/roar/Roar67.wav,1,elephant,Roar67,6.0,44100,train
dataset/elephant/roar/Roar32.wav,1,elephant,Roar32,6.0,44100,train
dataset/elephant/roar/Roar102.wav,1,elephant,Roar102,6.0,44100,train
dataset/elephant/trumpet/Trumpet08.wav,1,elephant,Trumpet08,6.0,44100,train
dataset/elephant/trumpet/Trumpet35_aug_0.wav,1,elephant,Trumpet35_aug_0,6.0,44100,train
dataset/elephant/roar/Roar58.wav,1,elephant,Roar58,6.0,44100,train
dataset/elephant/rumble/Rumble25.wav,1,elephant,Rumble25,6.0,44100,train
dataset/elephant/roar/Roar01.wav,1,elephant,Roar01,6.0,44100,train
dataset/elephant/rumble/Rumble51.wav,1,elephant,Rumble51,6.0,44100,train
dataset/elephant/rumble/Rumble108.wav,1,elephant,Rumble108,6.0,44100,train
dataset/elephant/trumpet/Trumpet13.wav,1,elephant,Trumpet13,6.0,44100,train
dataset/elephant/roar/Roar31.wav,1,elephant,Roar31,6.0,44100,train
dataset/elephant/trumpet/Trumpet105.wav,1,elephant,Trumpet105,6.0,44100,train
dataset/elephant/trumpet/Trumpet35.wav,1,elephant,Trumpet35,6.0,44100,train
dataset/elephant/roar/Roar76.wav,1,elephant,Roar76,6.0,48000,train
dataset/elephant/roar/Roar28.wav,1,elephant,Roar28,6.0,44100,train
dataset/elephant/rumble/Rumble26.wav,1,elephant,Rumble26,6.0,44100,train
dataset/elephant/rumble/Rumble06.wav,1,elephant,Rumble06,6.0,44100,train
dataset/elephant/rumble/Rumble110.wav,1,elephant,Rumble110,6.0,44100,train
dataset/elephant/trumpet/Trumpet23_aug_0.wav,1,elephant,Trumpet23_aug_0,6.0,44100,train
dataset/elephant/trumpet/Trumpet18_aug_0.wav,1,elephant,Trumpet18_aug_0,6.0,44100,train
dataset/elephant/trumpet/Trumpet41.wav,1,elephant,Trumpet41,6.0,44100,train
dataset/elephant/roar/Roar26.wav,1,elephant,Roar26,6.0,48000,train
dataset/elephant/rumble/Rumble35.wav,1,elephant,Rumble35,6.0,44100,train
dataset/elephant/trumpet/Trumpet45.wav,1,elephant,Trumpet45,6.0,44100,train
dataset/elephant/rumble/Rumble104.wav,1,elephant,Rumble104,6.0,48000,train
dataset/elephant/roar/Roar42.wav,1,elephant,Roar42,6.0,44100,train
dataset/elephant/trumpet/Trumpet05_aug_0.wav,1,elephant,Trumpet05_aug_0,6.0,44100,train
dataset/elephant/trumpet/Trumpet23.wav,1,elephant,Trumpet23,6.0,44100,train
dataset/elephant/roar/Roar70.wav,1,elephant,Roar70,6.0,44100,train
dataset/elephant/trumpet/Trumpet06.wav,1,elephant,Trumpet06,6.0,44100,train
dataset/elephant/trumpet/Trumpet18.wav,1,elephant,Trumpet18,6.0,44100,train
dataset/elephant/rumble/Rumble34.wav,1,elephant,Rumble34,6.0,44100,train
dataset/elephant/trumpet/Trumpet02_aug_0.wav,1,elephant,Trumpet02_aug_0,6.0,44100,train
dataset/elephant/rumble/Rumble42.wav,1,elephant,Rumble42,6.0,44100,train
dataset/elephant/roar/Roar13.wav,1,elephant,Roar13,6.0,44100,train
dataset/elephant/trumpet/Trumpet08_aug_0.wav,1,elephant,Trumpet08_aug_0,6.0,44100,train
dataset/elephant/trumpet/Trumpet28.wav,1,elephant,Trumpet28,6.0,44100,train
dataset/elephant/trumpet/Trumpet09_aug_0.wav,1,elephant,Trumpet09_aug_0,6.0,44100,train
dataset/elephant/trumpet/Trumpet04.wav,1,elephant,Trumpet04,6.0,24000,train
dataset/elephant/roar/Roar57.wav,1,elephant,Roar57,6.0,44100,train
dataset/elephant/roar/Roar59.wav,1,elephant,Roar59,6.0,44100,train
dataset/elephant/rumble/Rumble30.wav,1,elephant,Rumble30,6.0,44100,train
dataset/elephant/trumpet/Trumpet44.wav,1,elephant,Trumpet44,6.0,44100,train
dataset/elephant/roar/Roar40.wav,1,elephant,Roar40,6.0,44100,train
dataset/elephant/roar/Roar45.wav,1,elephant,Roar45,6.0,44100,train
dataset/elephant/rumble/Rumble23.wav,1,elephant,Rumble23,6.0,44100,train
dataset/elephant/trumpet/Trumpet20_aug_0.wav,1,elephant,Trumpet20_aug_0,6.0,44100,train
dataset/elephant/rumble/Rumble38.wav,1,elephant,Rumble38,6.0,44100,train
dataset/elephant/trumpet/Trumpet03.wav,1,elephant,Trumpet03,6.0,44100,train
dataset/elephant/rumble/Rumble28.wav,1,elephant,Rumble28,6.0,44100,train
dataset/elephant/roar/Roar27.wav,1,elephant,Roar27,6.0,44100,train
dataset/elephant/trumpet/Trumpet20.wav,1,elephant,Trumpet20,6.0,44100,train
dataset/elephant/trumpet/Trumpet37.wav,1,elephant,Trumpet37,6.0,44100,train
dataset/elephant/rumble/Rumble100.wav,1,elephant,Rumble100,6.0,48000,train
dataset/elephant/trumpet/Trumpet15_aug_0.wav,1,elephant,Trumpet15_aug_0,6.0,44100,train
dataset/elephant/trumpet/Trumpet05.wav,1,elephant,Trumpet05,6.0,44100,train
dataset/elephant/trumpet/Trumpet103.wav,1,elephant,Trumpet103,6.0,44100,train
dataset/elephant/roar/Roar30.wav,1,elephant,Roar30,6.0,44100,train
dataset/elephant/trumpet/Trumpet101.wav,1,elephant,Trumpet101,6.0,44100,train
dataset/elephant/rumble/Rumble106.wav,1,elephant,Rumble106,6.0,44100,train
dataset/elephant/rumble/Rumble31.wav,1,elephant,Rumble31,6.0,44100,train
dataset/elephant/rumble/Rumble44.wav,1,elephant,Rumble44,6.0,44100,train
dataset/elephant/rumble/Rumble49.wav,1,elephant,Rumble49,6.0,44100,train
dataset/elephant/roar/Roar48.wav,1,elephant,Roar48,6.0,44100,train
dataset/elephant/roar/Roar105.wav,1,elephant,Roar105,6.0,48000,train
dataset/elephant/rumble/Rumble64.wav,1,elephant,Rumble64,6.0,44100,train
dataset/elephant/rumble/Rumble107.wav,1,elephant,Rumble107,6.0,44100,train
dataset/elephant/roar/Roar74.wav,1,elephant,Roar74,6.0,44100,train
dataset/elephant/trumpet/Trumpet34.wav,1,elephant,Trumpet34,6.0,44100,train
dataset/elephant/trumpet/Trumpet24.wav,1,elephant,Trumpet24,6.0,44100,train
dataset/elephant/roar/Roar103.wav,1,elephant,Roar103,6.0,44100,train
dataset/elephant/roar/Roar77.wav,1,elephant,Roar77,6.0,48000,train
dataset/elephant/trumpet/Trumpet21.wav,1,elephant,Trumpet21,6.0,44100,train
dataset/elephant/rumble/Rumble53.wav,1,elephant,Rumble53,6.0,44100,train
dataset/elephant/roar/Roar63.wav,1,elephant,Roar63,6.0,44100,train
dataset/elephant/rumble/Rumble73.wav,1,elephant,Rumble73,6.0,44100,train
dataset/elephant/rumble/Rumble22.wav,1,elephant,Rumble22,6.0,44100,train
dataset/elephant/rumble/Rumble68.wav,1,elephant,Rumble68,6.0,44100,train
dataset/elephant/trumpet/Trumpet40_aug_0.wav,1,elephant,Trumpet40_aug_0,6.0,44100,train
dataset/elephant/rumble/Rumble46.wav,1,elephant,Rumble46,6.0,44100,train
dataset/elephant/roar/Roar37.wav,1,elephant,Roar37,6.0,44100,train
dataset/elephant/roar/Roar12.wav,1,elephant,Roar12,6.0,44100,train
dataset/elephant/roar/Roar62.wav,1,elephant,Roar62,6.0,44100,train
dataset/elephant/roar/Roar47.wav,1,elephant,Roar47,6.0,44100,train
dataset/elephant/rumble/Rumble06_aug_0.wav,1,elephant,Rumble06_aug_0,6.0,44100,train
dataset/elephant/rumble/Rumble10.wav,1,elephant,Rumble10,6.0,44100,train
dataset/elephant/roar/Roar35.wav,1,elephant,Roar35,6.0,44100,train
dataset/elephant/rumble/Rumble09.wav,1,elephant,Rumble09,6.0,44100,train
dataset/elephant/rumble/Rumble20.wav,1,elephant,Rumble20,6.0,44100,train
dataset/elephant/trumpet/Trumpet14.wav,1,elephant,Trumpet14,6.0,44100,train
dataset/elephant/trumpet/Trumpet108.wav,1,elephant,Trumpet108,6.0,44100,train
dataset/elephant/roar/Roar20.wav,1,elephant,Roar20,6.0,48000,train
dataset/elephant/trumpet/Trumpet31.wav,1,elephant,Trumpet31,6.0,44100,train
dataset/elephant/trumpet/Trumpet09.wav,1,elephant,Trumpet09,6.0,44100,val
dataset/elephant/roar/Roar68.wav,1,elephant,Roar68,6.0,44100,val
dataset/elephant/roar/Roar52.wav,1,elephant,Roar52,6.0,44100,val
dataset/elephant/trumpet/Trumpet102.wav,1,elephant,Trumpet102,6.0,44100,val
dataset/elephant/roar/Roar11.wav,1,elephant,Roar11,6.0,44100,val
dataset/elephant/roar/Roar43.wav,1,elephant,Roar43,6.0,44100,val
dataset/elephant/rumble/Rumble58.wav,1,elephant,Rumble58,6.0,44100,val
dataset/elephant/rumble/Rumble08.wav,1,elephant,Rumble08,6.0,44100,val
dataset/elephant/rumble/Rumble69.wav,1,elephant,Rumble69,6.0,44100,val
dataset/elephant/rumble/Rumble71.wav,1,elephant,Rumble71,6.0,44100,val
dataset/elephant/roar/Roar69.wav,1,elephant,Roar69,6.0,44100,val
dataset/elephant/rumble/Rumble52.wav,1,elephant,Rumble52,6.0,44100,val
dataset/elephant/roar/Roar14.wav,1,elephant,Roar14,6.0,44100,val
dataset/elephant/rumble/Rumble101.wav,1,elephant,Rumble101,6.0,44100,val
dataset/elephant/roar/Roar25.wav,1,elephant,Roar25,6.0,44100,val
dataset/elephant/rumble/Rumble47.wav,1,elephant,Rumble47,6.0,44100,val
dataset/elephant/rumble/Rumble21.wav,1,elephant,Rumble21,6.0,44100,val
dataset/elephant/roar/Roar100.wav,1,elephant,Roar100,6.0,44100,val
dataset/elephant/roar/Roar61.wav,1,elephant,Roar61,6.0,44100,val
dataset/elephant/trumpet/Trumpet30.wav,1,elephant,Trumpet30,6.0,44100,val
dataset/elephant/rumble/Rumble05.wav,1,elephant,Rumble05,6.0,44100,val
dataset/elephant/rumble/Rumble07.wav,1,elephant,Rumble07,6.0,44100,val
dataset/elephant/roar/Roar19.wav,1,elephant,Roar19,6.0,48000,val
dataset/elephant/rumble/Rumble102.wav,1,elephant,Rumble102,6.0,44100,val
dataset/elephant/trumpet/Trumpet32_aug_0.wav,1,elephant,Trumpet32_aug_0,6.0,44100,val
dataset/elephant/trumpet/Trumpet37_aug_0.wav,1,elephant,Trumpet37_aug_0,6.0,44100,val
dataset/elephant/rumble/Rumble03.wav,1,elephant,Rumble03,6.0,44100,val
dataset/elephant/trumpet/Trumpet32.wav,1,elephant,Trumpet32,6.0,44100,val
dataset/elephant/roar/Roar33.wav,1,elephant,Roar33,6.0,44100,val
dataset/elephant/trumpet/Trumpet19.wav,1,elephant,Trumpet19,6.0,44100,val
dataset/elephant/rumble/Rumble04.wav,1,elephant,Rumble04,6.0,44100,val
dataset/elephant/trumpet/Trumpet34_aug_0.wav,1,elephant,Trumpet34_aug_0,6.0,44100,val
dataset/elephant/trumpet/Trumpet10.wav,1,elephant,Trumpet10,6.0,44100,val
dataset/elephant/roar/Roar34.wav,1,elephant,Roar34,6.0,44100,val
dataset/elephant/trumpet/Trumpet14_aug_0.wav,1,elephant,Trumpet14_aug_0,6.0,44100,val
dataset/elephant/roar/Roar02.wav,1,elephant,Roar02,6.0,44100,test
dataset/elephant/roar/Roar65.wav,1,elephant,Roar65,6.0,44100,test
dataset/elephant/rumble/Rumble61.wav,1,elephant,Rumble61,6.0,44100,test
dataset/elephant/rumble/Rumble18.wav,1,elephant,Rumble18,6.0,44100,test
dataset/elephant/roar/Roar50.wav,1,elephant,Roar50,6.0,44100,test
dataset/elephant/rumble/Rumble111.wav,1,elephant,Rumble111,6.0,44100,test
dataset/elephant/trumpet/Trumpet36.wav,1,elephant,Trumpet36,6.0,44100,test
dataset/elephant/trumpet/Trumpet100.wav,1,elephant,Trumpet100,6.0,44100,test
dataset/elephant/trumpet/Trumpet03_aug_0.wav,1,elephant,Trumpet03_aug_0,6.0,44100,test
dataset/elephant/trumpet/Trumpet104.wav,1,elephant,Trumpet104,6.0,44100,test
dataset/elephant/roar/Roar44.wav,1,elephant,Roar44,6.0,44100,test
dataset/elephant/rumble/Rumble54.wav,1,elephant,Rumble54,6.0,44100,test
dataset/elephant/trumpet/Trumpet43.wav,1,elephant,Trumpet43,6.0,44100,test
dataset/elephant/rumble/Rumble65.wav,1,elephant,Rumble65,6.0,44100,test
dataset/elephant/rumble/Rumble33.wav,1,elephant,Rumble33,6.0,44100,test
dataset/elephant/roar/Roar53.wav,1,elephant,Roar53,6.0,44100,test
dataset/elephant/roar/Roar49.wav,1,elephant,Roar49,6.0,44100,test
dataset/elephant/roar/Roar18.wav,1,elephant,Roar18,6.0,48000,test
dataset/elephant/roar/Roar06.wav,1,elephant,Roar06,6.0,44100,test
dataset/elephant/roar/Roar07.wav,1,elephant,Roar07,6.0,44100,test
dataset/elephant/rumble/Rumble12.wav,1,elephant,Rumble12,6.0,44100,test
dataset/elephant/rumble/Rumble62.wav,1,elephant,Rumble62,6.0,44100,test
dataset/elephant/roar/Roar17.wav,1,elephant,Roar17,6.0,48000,test
dataset/elephant/rumble/Rumble50.wav,1,elephant,Rumble50,6.0,44100,test
dataset/elephant/trumpet/Trumpet42.wav,1,elephant,Trumpet42,6.0,44100,test
dataset/elephant/trumpet/Trumpet07_aug_0.wav,1,elephant,Trumpet07_aug_0,6.0,44100,test
dataset/elephant/roar/Roar21.wav,1,elephant,Roar21,6.0,48000,test
dataset/elephant/trumpet/Trumpet109.wav,1,elephant,Trumpet109,6.0,44100,test
dataset/elephant/roar/Roar29.wav,1,elephant,Roar29,6.0,44100,test
dataset/elephant/roar/Roar51.wav,1,elephant,Roar51,6.0,44100,test
dataset/elephant/roar/Roar56.wav,1,elephant,Roar56,6.0,44100,test
dataset/elephant/roar/Roar64.wav,1,elephant,Roar64,6.0,44100,test
dataset/elephant/trumpet/Trumpet10_aug_0.wav,1,elephant,Trumpet10_aug_0,6.0,44100,test
dataset/elephant/roar/Roar05_aug_0.wav,1,elephant,Roar05_aug_0,6.0,44100,test
dataset/elephant/roar/Roar22.wav,1,elephant,Roar22,6.0,48000,test
dataset/elephant/trumpet/Trumpet02.wav,1,elephant,Trumpet02,6.0,44100,test
dataset/non_elephant/human/2-209476-A-25.wav,0,non_elephant,2-209476,5.0,44100,train
dataset/non_elephant/animals/2-116400-A-0.wav,0,non_elephant,2-116400,5.0,44100,train
dataset/non_elephant/animals/3-127890-A-9.wav,0,non_elephant,3-127890,5.0,44100,train
dataset/non_elephant/animals/3-127890-B-9.wav,0,non_elephant,3-127890,5.0,44100,train
dataset/non_elephant/animals/3-127890-C-9.wav,0,non_elephant,3-127890,5.0,44100,train
dataset/non_elephant/human/3-94342-A-25.wav,0,non_elephant,3-94342,5.0,44100,train
dataset/non_elephant/animals/3-154957-A-1.wav,0,non_elephant,3-154957,5.0,44100,train
dataset/non_elephant/rain/3-143929-A-10.wav,0,non_elephant,3-143929,5.0,44100,train
dataset/non_elephant/rain/1-21189-A-10.wav,0,non_elephant,1-21189,5.0,44100,train
dataset/non_elephant/human/5-243025-A-25.wav,0,non_elephant,5-243025,5.0,44100,train
dataset/non_elephant/human/5-234855-A-25.wav,0,non_elephant,5-234855,5.0,44100,train
dataset/non_elephant/animals/3-170015-A-0.wav,0,non_elephant,3-170015,5.0,44100,train
dataset/non_elephant/animals/2-117271-A-0.wav,0,non_elephant,2-117271,5.0,44100,train
dataset/non_elephant/animals/3-145382-A-1.wav,0,non_elephant,3-145382,5.0,44100,train
dataset/non_elephant/animals/5-217158-A-0.wav,0,non_elephant,5-217158,5.0,44100,train
dataset/non_elephant/wind/1-47714-A-16.wav,0,non_elephant,1-47714,5.0,44100,train
dataset/non_elephant/human/2-82538-A-21.wav,0,non_elephant,2-82538,5.0,44100,train
dataset/non_elephant/animals/3-180256-A-0.wav,0,non_elephant,3-180256,5.0,44100,train
dataset/non_elephant/human/5-194533-A-21.wav,0,non_elephant,5-194533,5.0,44100,train
dataset/non_elephant/human/5-198411-A-20.wav,0,non_elephant,5-198411,5.0,44100,train
dataset/non_elephant/human/5-198411-B-20.wav,0,non_elephant,5-198411,5.0,44100,train
dataset/non_elephant/human/5-198411-C-20.wav,0,non_elephant,5-198411,5.0,44100,train
dataset/non_elephant/human/5-198411-D-20.wav,0,non_elephant,5-198411,5.0,44100,train
dataset/non_elephant/human/5-198411-E-20.wav,0,non_elephant,5-198411,5.0,44100,train
dataset/non_elephant/human/5-198411-F-20.wav,0,non_elephant,5-198411,5.0,44100,train
dataset/non_elephant/human/5-198411-G-20.wav,0,non_elephant,5-198411,5.0,44100,train
dataset/non_elephant/animals/5-231762-A-0.wav,0,non_elephant,5-231762,5.0,44100,train
dataset/non_elephant/wind/2-104952-A-16.wav,0,non_elephant,2-104952,5.0,44100,train
dataset/non_elephant/wind/2-104952-B-16.wav,0,non_elephant,2-104952,5.0,44100,train
dataset/non_elephant/human/5-201274-A-21.wav,0,non_elephant,5-201274,5.0,44100,train
dataset/non_elephant/human/1-51147-A-25.wav,0,non_elephant,1-51147,5.0,44100,train
dataset/non_elephant/rain/1-54958-A-10.wav,0,non_elephant,1-54958,5.0,44100,train
dataset/non_elephant/wind/4-163608-B-16.wav,0,non_elephant,4-163608,5.0,44100,train
dataset/non_elephant/animals/1-32318-A-0.wav,0,non_elephant,1-32318,5.0,44100,train
dataset/non_elephant/animals/4-183487-A-1.wav,0,non_elephant,4-183487,5.0,44100,train
dataset/non_elephant/animals/5-194930-A-1.wav,0,non_elephant,5-194930,5.0,44100,train
dataset/non_elephant/animals/5-194930-B-1.wav,0,non_elephant,5-194930,5.0,44100,train
dataset/non_elephant/rain/2-73260-A-10.wav,0,non_elephant,2-73260,5.0,44100,train
dataset/non_elephant/rain/2-72970-A-10.wav,0,non_elephant,2-72970,5.0,44100,train
dataset/non_elephant/rain/3-157149-A-10.wav,0,non_elephant,3-157149,5.0,44100,train
dataset/non_elephant/human/4-185415-A-21.wav,0,non_elephant,4-185415,5.0,44100,train
dataset/non_elephant/human/4-171519-A-21.wav,0,non_elephant,4-171519,5.0,44100,train
dataset/non_elephant/human/5-263501-A-25.wav,0,non_elephant,5-263501,5.0,44100,train
dataset/non_elephant/animals/3-116135-A-1.wav,0,non_elephant,3-116135,5.0,44100,train
dataset/non_elephant/human/1-187207-A-20.wav,0,non_elephant,1-187207,5.0,44100,train
dataset/non_elephant/animals/2-100786-A-1.wav,0,non_elephant,2-100786,5.0,44100,train
dataset/non_elephant/wind/1-51037-A-16.wav,0,non_elephant,1-51037,5.0,44100,train
dataset/non_elephant/human/2-209475-A-25.wav,0,non_elephant,2-209475,5.0,44100,train
dataset/non_elephant/human/2-130979-A-21.wav,0,non_elephant,2-130979,5.0,44100,train
dataset/non_elephant/animals/4-199261-A-0.wav,0,non_elephant,4-199261,5.0,44100,train
dataset/non_elephant/wind/4-144085-A-16.wav,0,non_elephant,4-144085,5.0,44100,train
dataset/non_elephant/rain/4-164206-A-10.wav,0,non_elephant,4-164206,5.0,44100,train
dataset/non_elephant/human/3-94344-A-25.wav,0,non_elephant,3-94344,5.0,44100,train
dataset/non_elephant/human/5-202220-A-21.wav,0,non_elephant,5-202220,5.0,44100,train
dataset/non_elephant/rain/4-181286-A-10.wav,0,non_elephant,4-181286,5.0,44100,train
dataset/non_elephant/human/4-59579-A-20.wav,0,non_elephant,4-59579,5.0,44100,train
dataset/non_elephant/human/4-59579-B-20.wav,0,non_elephant,4-59579,5.0,44100,train
dataset/non_elephant/rain/4-180380-A-10.wav,0,non_elephant,4-180380,5.0,44100,train
dataset/non_elephant/human/2-66637-A-20.wav,0,non_elephant,2-66637,5.0,44100,train
dataset/non_elephant/human/2-66637-B-20.wav,0,non_elephant,2-66637,5.0,44100,train
dataset/non_elephant/animals/4-184575-A-0.wav,0,non_elephant,4-184575,5.0,44100,train
dataset/non_elephant/human/5-221593-A-21.wav,0,non_elephant,5-221593,5.0,44100,train
dataset/non_elephant/animals/5-212454-A-0.wav,0,non_elephant,5-212454,5.0,44100,train
dataset/non_elephant/animals/5-233160-A-1.wav,0,non_elephant,5-233160,5.0,44100,train
dataset/non_elephant/animals/2-108763-A-9.wav,0,non_elephant,2-108763,5.0,44100,train
dataset/non_elephant/animals/3-163459-A-0.wav,0,non_elephant,3-163459,5.0,44100,train
dataset/non_elephant/animals/3-144028-A-0.wav,0,non_elephant,3-144028,5.0,44100,train
dataset/non_elephant/rain/2-117625-A-10.wav,0,non_elephant,2-117625,5.0,44100,train
dataset/non_elephant/animals/4-159426-A-9.wav,0,non_elephant,4-159426,5.0,44100,train
dataset/non_elephant/human/4-167077-A-20.wav,0,non_elephant,4-167077,5.0,44100,train
dataset/non_elephant/human/4-167077-B-20.wav,0,non_elephant,4-167077,5.0,44100,train
dataset/non_elephant/human/4-167077-C-20.wav,0,non_elephant,4-167077,5.0,44100,train
dataset/non_elephant/rain/3-142006-A-10.wav,0,non_elephant,3-142006,5.0,44100,train
dataset/non_elephant/human/2-209474-A-25.wav,0,non_elephant,2-209474,5.0,44100,train
dataset/non_elephant/human/3-142605-A-21.wav,0,non_elephant,3-142605,5.0,44100,train
dataset/non_elephant/animals/5-213855-A-0.wav,0,non_elephant,5-213855,5.0,44100,train
dataset/non_elephant/animals/2-95258-A-1.wav,0,non_elephant,2-95258,5.0,44100,train
dataset/non_elephant/animals/2-95258-B-1.wav,0,non_elephant,2-95258,5.0,44100,train
dataset/non_elephant/human/2-109505-A-21.wav,0,non_elephant,2-109505,5.0,44100,train
dataset/non_elephant/animals/1-27724-A-1.wav,0,non_elephant,1-27724,5.0,44100,train
dataset/non_elephant/animals/5-222041-A-9.wav,0,non_elephant,5-222041,5.0,44100,train
dataset/non_elephant/animals/1-39835-A-9.wav,0,non_elephant,1-39835,5.0,44100,train
dataset/non_elephant/animals/1-39835-B-9.wav,0,non_elephant,1-39835,5.0,44100,train
dataset/non_elephant/animals/5-234879-A-1.wav,0,non_elephant,5-234879,5.0,44100,train
dataset/non_elephant/animals/5-234879-B-1.wav,0,non_elephant,5-234879,5.0,44100,train
dataset/non_elephant/human/1-59324-A-21.wav,0,non_elephant,1-59324,5.0,44100,train
dataset/non_elephant/human/3-249913-A-25.wav,0,non_elephant,3-249913,5.0,44100,train
dataset/non_elephant/human/2-209478-A-25.wav,0,non_elephant,2-209478,5.0,44100,train
dataset/non_elephant/rain/3-132852-A-10.wav,0,non_elephant,3-132852,5.0,44100,train
dataset/non_elephant/wind/5-117773-A-16.wav,0,non_elephant,5-117773,5.0,44100,train
dataset/non_elephant/human/4-185575-A-20.wav,0,non_elephant,4-185575,5.0,44100,train
dataset/non_elephant/human/4-185575-B-20.wav,0,non_elephant,4-185575,5.0,44100,train
dataset/non_elephant/human/4-185575-C-20.wav,0,non_elephant,4-185575,5.0,44100,train
dataset/non_elephant/human/5-51149-A-25.wav,0,non_elephant,5-51149,5.0,44100,train
dataset/non_elephant/wind/1-29532-A-16.wav,0,non_elephant,1-29532,5.0,44100,train
dataset/non_elephant/animals/1-30226-A-0.wav,0,non_elephant,1-30226,5.0,44100,train
dataset/non_elephant/rain/3-157615-A-10.wav,0,non_elephant,3-157615,5.0,44100,train
dataset/non_elephant/rain/1-26222-A-10.wav,0,non_elephant,1-26222,5.0,44100,train
dataset/non_elephant/animals/1-40730-A-1.wav,0,non_elephant,1-40730,5.0,44100,train
dataset/non_elephant/animals/1-30344-A-0.wav,0,non_elephant,1-30344,5.0,44100,train
dataset/non_elephant/animals/2-122104-A-0.wav,0,non_elephant,2-122104,5.0,44100,train
dataset/non_elephant/animals/2-122104-B-0.wav,0,non_elephant,2-122104,5.0,44100,train
dataset/non_elephant/wind/3-246513-A-16.wav,0,non_elephant,3-246513,5.0,44100,train
dataset/non_elephant/wind/3-246513-B-16.wav,0,non_elephant,3-246513,5.0,44100,train
dataset/non_elephant/human/5-220026-A-21.wav,0,non_elephant,5-220026,5.0,44100,train
dataset/non_elephant/animals/5-242711-A-9.wav,0,non_elephant,5-242711,5.0,44100,train
dataset/non_elephant/animals/4-208021-A-1.wav,0,non_elephant,4-208021,5.0,44100,train
dataset/non_elephant/animals/5-213836-A-9.wav,0,non_elephant,5-213836,5.0,44100,train
dataset/non_elephant/animals/5-213836-B-9.wav,0,non_elephant,5-213836,5.0,44100,train
dataset/non_elephant/animals/5-213836-C-9.wav,0,non_elephant,5-213836,5.0,44100,train
dataset/non_elephant/animals/5-213836-D-9.wav,0,non_elephant,5-213836,5.0,44100,train
dataset/non_elephant/animals/3-121348-A-9.wav,0,non_elephant,3-121348,5.0,44100,train
dataset/non_elephant/animals/2-114280-A-0.wav,0,non_elephant,2-114280,5.0,44100,train
dataset/non_elephant/animals/4-192236-A-0.wav,0,non_elephant,4-192236,5.0,44100,train
dataset/non_elephant/rain/4-160999-A-10.wav,0,non_elephant,4-160999,5.0,44100,train
dataset/non_elephant/animals/2-71162-A-1.wav,0,non_elephant,2-71162,5.0,44100,train
dataset/non_elephant/wind/3-117504-A-16.wav,0,non_elephant,3-117504,5.0,44100,train
dataset/non_elephant/wind/3-117504-B-16.wav,0,non_elephant,3-117504,5.0,44100,train
dataset/non_elephant/human/3-103597-A-25.wav,0,non_elephant,3-103597,5.0,44100,train
dataset/non_elephant/animals/5-9032-A-0.wav,0,non_elephant,5-9032,5.0,44100,train
dataset/non_elephant/human/4-167642-A-21.wav,0,non_elephant,4-167642,5.0,44100,train
dataset/non_elephant/rain/2-101676-A-10.wav,0,non_elephant,2-101676,5.0,44100,train
dataset/non_elephant/human/4-117627-A-25.wav,0,non_elephant,4-117627,5.0,44100,train
dataset/non_elephant/rain/5-203739-A-10.wav,0,non_elephant,5-203739,5.0,44100,train
dataset/non_elephant/animals/5-200339-A-1.wav,0,non_elephant,5-200339,5.0,44100,train
dataset/non_elephant/human/5-234263-A-25.wav,0,non_elephant,5-234263,5.0,44100,train
dataset/non_elephant/animals/4-173865-A-9.wav,0,non_elephant,4-173865,5.0,44100,train
dataset/non_elephant/animals/4-173865-B-9.wav,0,non_elephant,4-173865,5.0,44100,train
dataset/non_elephant/animals/5-203128-A-0.wav,0,non_elephant,5-203128,5.0,44100,train
dataset/non_elephant/animals/5-203128-B-0.wav,0,non_elephant,5-203128,5.0,44100,train
dataset/non_elephant/animals/1-103298-A-9.wav,0,non_elephant,1-103298,5.0,44100,train
dataset/non_elephant/rain/4-161127-A-10.wav,0,non_elephant,4-161127,5.0,44100,train
dataset/non_elephant/animals/5-200334-A-1.wav,0,non_elephant,5-200334,5.0,44100,train
dataset/non_elephant/animals/5-200334-B-1.wav,0,non_elephant,5-200334,5.0,44100,train
dataset/non_elephant/human/4-117630-A-25.wav,0,non_elephant,4-117630,5.0,44100,train
dataset/non_elephant/animals/4-194754-A-0.wav,0,non_elephant,4-194754,5.0,44100,train
dataset/non_elephant/animals/2-96460-A-1.wav,0,non_elephant,2-96460,5.0,44100,train
dataset/non_elephant/wind/1-51036-A-16.wav,0,non_elephant,1-51036,5.0,44100,train
dataset/non_elephant/animals/4-170078-A-1.wav,0,non_elephant,4-170078,5.0,44100,train
dataset/non_elephant/human/1-31748-A-21.wav,0,non_elephant,1-31748,5.0,44100,train
dataset/non_elephant/animals/3-163288-A-1.wav,0,non_elephant,3-163288,5.0,44100,train
dataset/non_elephant/wind/4-163606-A-16.wav,0,non_elephant,4-163606,5.0,44100,train
dataset/non_elephant/animals/2-95035-A-1.wav,0,non_elephant,2-95035,5.0,44100,train
dataset/non_elephant/human/4-156844-A-21.wav,0,non_elephant,4-156844,5.0,44100,train
dataset/non_elephant/animals/2-118964-A-0.wav,0,non_elephant,2-118964,5.0,44100,train
dataset/non_elephant/wind/3-134699-A-16.wav,0,non_elephant,3-134699,5.0,44100,train
dataset/non_elephant/wind/3-134699-B-16.wav,0,non_elephant,3-134699,5.0,44100,train
dataset/non_elephant/wind/3-134699-C-16.wav,0,non_elephant,3-134699,5.0,44100,train
dataset/non_elephant/animals/1-34119-A-1.wav,0,non_elephant,1-34119,5.0,44100,train
dataset/non_elephant/animals/1-34119-B-1.wav,0,non_elephant,1-34119,5.0,44100,train
dataset/non_elephant/human/1-60997-A-20.wav,0,non_elephant,1-60997,5.0,44100,train
dataset/non_elephant/human/1-60997-B-20.wav,0,non_elephant,1-60997,5.0,44100,train
dataset/non_elephant/animals/3-124925-A-9.wav,0,non_elephant,3-124925,5.0,44100,train
dataset/non_elephant/wind/1-47709-A-16.wav,0,non_elephant,1-47709,5.0,44100,train
dataset/non_elephant/animals/1-59513-A-0.wav,0,non_elephant,1-59513,5.0,44100,train
dataset/non_elephant/human/4-184434-A-21.wav,0,non_elephant,4-184434,5.0,44100,train
dataset/non_elephant/animals/4-156227-A-9.wav,0,non_elephant,4-156227,5.0,44100,train
dataset/non_elephant/rain/4-177250-A-10.wav,0,non_elephant,4-177250,5.0,44100,train
dataset/non_elephant/animals/4-164859-A-1.wav,0,non_elephant,4-164859,5.0,44100,train
dataset/non_elephant/human/2-50666-A-20.wav,0,non_elephant,2-50666,5.0,44100,train
dataset/non_elephant/rain/2-82367-A-10.wav,0,non_elephant,2-82367,5.0,44100,train
dataset/non_elephant/human/3-144692-A-21.wav,0,non_elephant,3-144692,5.0,44100,train
dataset/non_elephant/animals/1-110389-A-0.wav,0,non_elephant,1-110389,5.0,44100,train
dataset/non_elephant/animals/1-85362-A-0.wav,0,non_elephant,1-85362,5.0,44100,train
dataset/non_elephant/human/3-141684-A-21.wav,0,non_elephant,3-141684,5.0,44100,train
dataset/non_elephant/human/2-119102-A-21.wav,0,non_elephant,2-119102,5.0,44100,train
dataset/non_elephant/animals/4-191687-A-0.wav,0,non_elephant,4-191687,5.0,44100,train
dataset/non_elephant/wind/5-157204-A-16.wav,0,non_elephant,5-157204,5.0,44100,train
dataset/non_elephant/wind/5-157204-B-16.wav,0,non_elephant,5-157204,5.0,44100,train
dataset/non_elephant/human/1-211527-A-20.wav,0,non_elephant,1-211527,5.0,44100,train
dataset/non_elephant/human/1-211527-B-20.wav,0,non_elephant,1-211527,5.0,44100,train
dataset/non_elephant/human/1-211527-C-20.wav,0,non_elephant,1-211527,5.0,44100,train
dataset/non_elephant/human/5-244310-A-25.wav,0,non_elephant,5-244310,5.0,44100,train
dataset/non_elephant/animals/4-136381-A-9.wav,0,non_elephant,4-136381,5.0,44100,train
dataset/non_elephant/human/5-221518-A-21.wav,0,non_elephant,5-221518,5.0,44100,train
dataset/non_elephant/animals/3-149189-A-1.wav,0,non_elephant,3-149189,5.0,44100,train
dataset/non_elephant/animals/4-164021-A-1.wav,0,non_elephant,4-164021,5.0,44100,train
dataset/non_elephant/wind/1-69760-A-16.wav,0,non_elephant,1-69760,5.0,44100,train
dataset/non_elephant/human/2-80482-A-20.wav,0,non_elephant,2-80482,5.0,44100,train
dataset/non_elephant/human/3-148330-A-21.wav,0,non_elephant,3-148330,5.0,44100,train
dataset/non_elephant/human/1-47273-A-21.wav,0,non_elephant,1-47273,5.0,44100,train
dataset/non_elephant/human/4-157297-A-21.wav,0,non_elephant,4-157297,5.0,44100,train
dataset/non_elephant/animals/1-39923-A-1.wav,0,non_elephant,1-39923,5.0,44100,train
dataset/non_elephant/human/5-151085-A-20.wav,0,non_elephant,5-151085,5.0,44100,train
dataset/non_elephant/rain/3-142005-A-10.wav,0,non_elephant,3-142005,5.0,44100,train
dataset/non_elephant/human/3-150231-A-21.wav,0,non_elephant,3-150231,5.0,44100,train
dataset/non_elephant/animals/2-118072-A-0.wav,0,non_elephant,2-118072,5.0,44100,train
dataset/non_elephant/rain/5-188655-A-10.wav,0,non_elephant,5-188655,5.0,44100,train
dataset/non_elephant/rain/1-63871-A-10.wav,0,non_elephant,1-63871,5.0,44100,train
dataset/non_elephant/human/4-156843-A-21.wav,0,non_elephant,4-156843,5.0,44100,train
dataset/non_elephant/human/3-94343-A-25.wav,0,non_elephant,3-94343,5.0,44100,train
dataset/non_elephant/animals/1-75162-A-9.wav,0,non_elephant,1-75162,5.0,44100,train
dataset/non_elephant/animals/3-134049-A-1.wav,0,non_elephant,3-134049,5.0,44100,train
dataset/non_elephant/animals/1-97392-A-0.wav,0,non_elephant,1-97392,5.0,44100,train
dataset/non_elephant/human/2-50665-A-20.wav,0,non_elephant,2-50665,5.0,44100,train
dataset/non_elephant/rain/5-198321-A-10.wav,0,non_elephant,5-198321,5.0,44100,train
dataset/non_elephant/animals/3-112397-A-9.wav,0,non_elephant,3-112397,5.0,44100,train
dataset/non_elephant/human/2-93030-A-21.wav,0,non_elephant,2-93030,5.0,44100,train
dataset/non_elephant/human/2-209477-A-25.wav,0,non_elephant,2-209477,5.0,44100,train
dataset/non_elephant/human/2-209471-A-25.wav,0,non_elephant,2-209471,5.0,44100,train
dataset/non_elephant/human/3-156558-A-21.wav,0,non_elephant,3-156558,5.0,44100,train
dataset/non_elephant/rain/2-81731-A-10.wav,0,non_elephant,2-81731,5.0,44100,train
dataset/non_elephant/rain/5-202898-A-10.wav,0,non_elephant,5-202898,5.0,44100,train
dataset/non_elephant/animals/4-207124-A-0.wav,0,non_elephant,4-207124,5.0,44100,train
dataset/non_elephant/rain/1-17367-A-10.wav,0,non_elephant,1-17367,5.0,44100,train
dataset/non_elephant/wind/3-136608-A-16.wav,0,non_elephant,3-136608,5.0,44100,train
dataset/non_elephant/human/3-152007-A-20.wav,0,non_elephant,3-152007,5.0,44100,train
dataset/non_elephant/human/3-152007-B-20.wav,0,non_elephant,3-152007,5.0,44100,train
dataset/non_elephant/human/3-152007-C-20.wav,0,non_elephant,3-152007,5.0,44100,train
dataset/non_elephant/human/3-152007-D-20.wav,0,non_elephant,3-152007,5.0,44100,train
dataset/non_elephant/human/3-152007-E-20.wav,0,non_elephant,3-152007,5.0,44100,train
dataset/non_elephant/animals/1-56233-A-9.wav,0,non_elephant,1-56233,5.0,44100,train
dataset/non_elephant/animals/3-157695-A-0.wav,0,non_elephant,3-157695,5.0,44100,train
dataset/non_elephant/animals/4-188287-A-9.wav,0,non_elephant,4-188287,5.0,44100,train
dataset/non_elephant/rain/4-163264-A-10.wav,0,non_elephant,4-163264,5.0,44100,train
dataset/non_elephant/animals/3-107219-A-1.wav,0,non_elephant,3-107219,5.0,44100,train
dataset/non_elephant/rain/1-50060-A-10.wav,0,non_elephant,1-50060,5.0,44100,val
dataset/non_elephant/human/4-218304-A-25.wav,0,non_elephant,4-218304,5.0,44100,val
dataset/non_elephant/human/4-218304-B-25.wav,0,non_elephant,4-218304,5.0,44100,val
dataset/non_elephant/human/3-143119-A-21.wav,0,non_elephant,3-143119,5.0,44100,val
dataset/non_elephant/human/5-220027-A-21.wav,0,non_elephant,5-220027,5.0,44100,val
dataset/non_elephant/rain/3-157487-A-10.wav,0,non_elephant,3-157487,5.0,44100,val
dataset/non_elephant/animals/4-183992-A-0.wav,0,non_elephant,4-183992,5.0,44100,val
dataset/non_elephant/human/2-118104-A-21.wav,0,non_elephant,2-118104,5.0,44100,val
dataset/non_elephant/animals/4-164064-A-1.wav,0,non_elephant,4-164064,5.0,44100,val
dataset/non_elephant/animals/4-164064-B-1.wav,0,non_elephant,4-164064,5.0,44100,val
dataset/non_elephant/animals/4-164064-C-1.wav,0,non_elephant,4-164064,5.0,44100,val
dataset/non_elephant/human/1-155858-A-25.wav,0,non_elephant,1-155858,5.0,44100,val
dataset/non_elephant/human/1-155858-B-25.wav,0,non_elephant,1-155858,5.0,44100,val
dataset/non_elephant/human/1-155858-C-25.wav,0,non_elephant,1-155858,5.0,44100,val
dataset/non_elephant/human/1-155858-D-25.wav,0,non_elephant,1-155858,5.0,44100,val
dataset/non_elephant/human/1-155858-E-25.wav,0,non_elephant,1-155858,5.0,44100,val
dataset/non_elephant/human/1-155858-F-25.wav,0,non_elephant,1-155858,5.0,44100,val
dataset/non_elephant/animals/1-100032-A-0.wav,0,non_elephant,1-100032,5.0,44100,val
dataset/non_elephant/animals/5-261325-A-9.wav,0,non_elephant,5-261325,5.0,44100,val
dataset/non_elephant/rain/1-56311-A-10.wav,0,non_elephant,1-56311,5.0,44100,val
dataset/non_elephant/rain/5-193339-A-10.wav,0,non_elephant,5-193339,5.0,44100,val
dataset/non_elephant/human/1-223162-A-25.wav,0,non_elephant,1-223162,5.0,44100,val
dataset/non_elephant/wind/5-217186-A-16.wav,0,non_elephant,5-217186,5.0,44100,val
dataset/non_elephant/wind/5-217186-B-16.wav,0,non_elephant,5-217186,5.0,44100,val
dataset/non_elephant/wind/5-217186-C-16.wav,0,non_elephant,5-217186,5.0,44100,val
dataset/non_elephant/human/2-209472-A-25.wav,0,non_elephant,2-209472,5.0,44100,val
dataset/non_elephant/human/2-209473-A-25.wav,0,non_elephant,2-209473,5.0,44100,val
dataset/non_elephant/wind/2-205966-A-16.wav,0,non_elephant,2-205966,5.0,44100,val
dataset/non_elephant/animals/3-117293-A-9.wav,0,non_elephant,3-117293,5.0,44100,val
dataset/non_elephant/animals/3-180977-A-0.wav,0,non_elephant,3-180977,5.0,44100,val
dataset/non_elephant/rain/1-29561-A-10.wav,0,non_elephant,1-29561,5.0,44100,val
dataset/non_elephant/animals/2-108766-A-9.wav,0,non_elephant,2-108766,5.0,44100,val
dataset/non_elephant/animals/1-26806-A-1.wav,0,non_elephant,1-26806,5.0,44100,val
dataset/non_elephant/wind/5-179496-A-16.wav,0,non_elephant,5-179496,5.0,44100,val
dataset/non_elephant/wind/5-179496-B-16.wav,0,non_elephant,5-179496,5.0,44100,val
dataset/non_elephant/human/4-194979-A-25.wav,0,non_elephant,4-194979,5.0,44100,val
dataset/non_elephant/animals/1-43382-A-1.wav,0,non_elephant,1-43382,5.0,44100,val
dataset/non_elephant/rain/5-194892-A-10.wav,0,non_elephant,5-194892,5.0,44100,val
dataset/non_elephant/human/3-142601-A-21.wav,0,non_elephant,3-142601,5.0,44100,val
dataset/non_elephant/human/1-81883-A-21.wav,0,non_elephant,1-81883,5.0,44100,val
dataset/non_elephant/animals/1-96950-A-9.wav,0,non_elephant,1-96950,5.0,44100,val
dataset/non_elephant/animals/1-96950-B-9.wav,0,non_elephant,1-96950,5.0,44100,val
dataset/non_elephant/rain/4-166661-A-10.wav,0,non_elephant,4-166661,5.0,44100,val
dataset/non_elephant/human/2-128631-A-21.wav,0,non_elephant,2-128631,5.0,44100,val
dataset/non_elephant/animals/4-182395-A-0.wav,0,non_elephant,4-182395,5.0,44100,val
dataset/non_elephant/animals/3-129264-A-9.wav,0,non_elephant,3-129264,5.0,44100,val
dataset/non_elephant/wind/1-51035-A-16.wav,0,non_elephant,1-51035,5.0,44100,val
dataset/non_elephant/animals/2-81270-A-1.wav,0,non_elephant,2-81270,5.0,44100,val
dataset/non_elephant/human/2-107351-A-20.wav,0,non_elephant,2-107351,5.0,44100,val
dataset/non_elephant/human/2-107351-B-20.wav,0,non_elephant,2-107351,5.0,44100,val
dataset/non_elephant/human/3-103598-A-25.wav,0,non_elephant,3-103598,5.0,44100,val
dataset/non_elephant/wind/4-163609-A-16.wav,0,non_elephant,4-163609,5.0,44100,test
dataset/non_elephant/wind/4-163609-B-16.wav,0,non_elephant,4-163609,5.0,44100,test
dataset/non_elephant/animals/3-137152-A-1.wav,0,non_elephant,3-137152,5.0,44100,test
dataset/non_elephant/animals/4-145081-A-9.wav,0,non_elephant,4-145081,5.0,44100,test
dataset/non_elephant/animals/2-114587-A-0.wav,0,non_elephant,2-114587,5.0,44100,test
dataset/non_elephant/rain/2-87781-A-10.wav,0,non_elephant,2-87781,5.0,44100,test
dataset/non_elephant/animals/5-208030-A-0.wav,0,non_elephant,5-208030,5.0,44100,test
dataset/non_elephant/wind/1-137296-A-16.wav,0,non_elephant,1-137296,5.0,44100,test
dataset/non_elephant/human/1-22694-A-20.wav,0,non_elephant,1-22694,5.0,44100,test
dataset/non_elephant/human/1-22694-B-20.wav,0,non_elephant,1-22694,5.0,44100,test
dataset/non_elephant/animals/1-56234-A-9.wav,0,non_elephant,1-56234,5.0,44100,test
dataset/non_elephant/animals/2-109231-A-9.wav,0,non_elephant,2-109231,5.0,44100,test
dataset/non_elephant/animals/2-109231-B-9.wav,0,non_elephant,2-109231,5.0,44100,test
dataset/non_elephant/animals/2-109231-C-9.wav,0,non_elephant,2-109231,5.0,44100,test
dataset/non_elephant/human/4-185619-A-21.wav,0,non_elephant,4-185619,5.0,44100,test
dataset/non_elephant/human/4-194981-A-25.wav,0,non_elephant,4-194981,5.0,44100,test
dataset/non_elephant/human/5-187979-A-21.wav,0,non_elephant,5-187979,5.0,44100,test
dataset/non_elephant/animals/1-44831-A-1.wav,0,non_elephant,1-44831,5.0,44100,test
dataset/non_elephant/human/5-263491-A-25.wav,0,non_elephant,5-263491,5.0,44100,test
dataset/non_elephant/rain/5-181766-A-10.wav,0,non_elephant,5-181766,5.0,44100,test
dataset/non_elephant/human/2-130978-A-21.wav,0,non_elephant,2-130978,5.0,44100,test
dataset/non_elephant/human/1-29680-A-21.wav,0,non_elephant,1-29680,5.0,44100,test
dataset/non_elephant/human/1-47274-A-21.wav,0,non_elephant,1-47274,5.0,44100,test
dataset/non_elephant/animals/5-214869-A-9.wav,0,non_elephant,5-214869,5.0,44100,test
dataset/non_elephant/human/1-54505-A-21.wav,0,non_elephant,1-54505,5.0,44100,test
dataset/non_elephant/human/4-198962-A-25.wav,0,non_elephant,4-198962,5.0,44100,test
dataset/non_elephant/human/4-198962-B-25.wav,0,non_elephant,4-198962,5.0,44100,test
dataset/non_elephant/wind/2-109371-A-16.wav,0,non_elephant,2-109371,5.0,44100,test
dataset/non_elephant/wind/2-109371-B-16.wav,0,non_elephant,2-109371,5.0,44100,test
dataset/non_elephant/wind/2-109371-C-16.wav,0,non_elephant,2-109371,5.0,44100,test
dataset/non_elephant/wind/2-109371-D-16.wav,0,non_elephant,2-109371,5.0,44100,test
dataset/non_elephant/animals/2-108767-A-9.wav,0,non_elephant,2-108767,5.0,44100,test
dataset/non_elephant/animals/2-108767-B-9.wav,0,non_elephant,2-108767,5.0,44100,test
dataset/non_elephant/animals/2-108767-C-9.wav,0,non_elephant,2-108767,5.0,44100,test
dataset/non_elephant/animals/3-136288-A-0.wav,0,non_elephant,3-136288,5.0,44100,test
dataset/non_elephant/human/1-26143-A-21.wav,0,non_elephant,1-26143,5.0,44100,test
dataset/non_elephant/rain/3-140774-A-10.wav,0,non_elephant,3-140774,5.0,44100,test
dataset/non_elephant/wind/4-144083-A-16.wav,0,non_elephant,4-144083,5.0,44100,test
dataset/non_elephant/wind/4-144083-B-16.wav,0,non_elephant,4-144083,5.0,44100,test
dataset/non_elephant/wind/4-144083-C-16.wav,0,non_elephant,4-144083,5.0,44100,test
dataset/non_elephant/rain/2-73027-A-10.wav,0,non_elephant,2-73027,5.0,44100,test
dataset/non_elephant/animals/4-138344-A-9.wav,0,non_elephant,4-138344,5.0,44100,test
dataset/non_elephant/human/2-151079-A-20.wav,0,non_elephant,2-151079,5.0,44100,test
dataset/non_elephant/human/3-151081-A-20.wav,0,non_elephant,3-151081,5.0,44100,test
dataset/non_elephant/human/3-151081-B-20.wav,0,non_elephant,3-151081,5.0,44100,test
dataset/non_elephant/human/3-151080-A-20.wav,0,non_elephant,3-151080,5.0,44100,test
dataset/non_elephant/rain/5-195710-A-10.wav,0,non_elephant,5-195710,5.0,44100,test
dataset/non_elephant/wind/2-109374-A-16.wav,0,non_elephant,2-109374,5.0,44100,test
dataset/non_elephant/human/5-263490-A-25.wav,0,non_elephant,5-263490,5.0,44100,test
dataset/non_elephant/animals/2-65750-A-1.wav,0,non_elephant,2-65750,5.0,44100,test
dataset/non_elephant/human/3-103599-A-25.wav,0,non_elephant,3-103599,5.0,44100,test
dataset/non_elephant/human/3-103599-B-25.wav,0,non_elephant,3-103599,5.0,44100,test
dataset/non_elephant/animals/3-155312-A-0.wav,0,non_elephant,3-155312,5.0,44100,test
